title,genre,emotion
Beyond Late,POP,love
Beyond Late,POP,anger
Beyond Late,POP,joy
To climb,POP,joy
To climb,POP,love
Salem,POP,joy
Salem,POP,anger
Persephone,POP,joy
Persephone,POP,anger
Persephone,POP,fear
Persephone,POP,sadness
Persephone,POP,love
Sanctuary,POP,joy
Sanctuary,POP,anger
Sanctuary,POP,love
fifteen Minutes,POP,love
fifteen Minutes,POP,sadness
fifteen Minutes,POP,joy
Drink the night,POP,love
Drink the night,POP,sadness
Drink the night,POP,anger
Drink the night,POP,joy
The Alkonost,POP,love
The Alkonost,POP,joy
The Alkonost,ELECTRIC,joy
A warning to giants,POP,fear
A warning to giants,POP,sadness
A warning to giants,POP,joy
A warning to giants,POP,love
A warning to giants,POP,anger
A moment too soon,POP,love
A moment too soon,POP,joy
A moment too soon,POP,sadness
Fountain of life,POP,sadness
Fountain of life,POP,anger
Fountain of life,POP,love
Fountain of life,POP,joy
Invisible city,POP,sadness
Invisible city,POP,love
Film in Rhythm,POP,joy
Film in Rhythm,POP,fear
Film in Rhythm,POP,anger
You are the reson,POP,joy
You are the reson,POP,anger
You are the reson,POP,sadness
Ghostly feeling,POP,love
Ghostly feeling,POP,anger
Ghostly feeling,POP,joy
Fly Free,POP,love
Fly Free,POP,joy
Fly Free,POP,sadness
Fly Free,POP,anger
Fly Free,POP,fear
Calm(Ammonite),POP,love
Calm(Ammonite),POP,anger
Calm(Ammonite),POP,joy
Call me snake,POP,joy
Destiny trip,POP,love
Destiny trip,POP,joy
Something about eve,POP,joy
Something about eve,POP,anger
Something about eve,POP,fear
Something about eve,POP,sadness
Something about eve,POP,love
Mercurial Girl,POP,anger
Mercurial Girl,POP,joy
Mercurial Girl,POP,love
Mercurial Girl,POP,fear
Mercurial Girl,POP,sadness
Brilliant Day,POP,love
Brilliant Day,POP,joy
Till my cup Runs Over,POP,joy
Fire,POP,love
Fire,POP,joy
Fire,POP,anger
Fire,POP,fear
Fire,POP,sadness
Below -DU-remix,POP,anger
Below -DU-remix,POP,joy
Below -DU-remix,POP,love
Below -DU-remix,POP,sadness
Below -DU-remix,POP,fear
Tigers,POP,love
Tigers,POP,sadness
Tigers,POP,joy
Tigers,POP,anger
Tigers,POP,fear
Shining Star Games,POP,anger
Shining Star Games,POP,joy
Shining Star Games,POP,love
Shining Star Games,POP,fear
Shining Star Games,POP,sadness
Pais Oceano,POP,joy
Pais Oceano,POP,sadness
Pais Oceano,POP,love
Pais Oceano,POP,anger
Pais Oceano,POP,fear
Sooner or Later,POP,joy
Sooner or Later,POP,anger
Sooner or Later,POP,love
Sooner or Later,POP,sadness
Sooner or Later,POP,fear
Fountain Street,POP,fear
Fountain Street,POP,joy
Fountain Street,POP,anger
Fountain Street,POP,love
Fountain Street,POP,sadness
Bastard,POP,sadness
Bastard,POP,joy
Bastard,POP,anger
Bastard,POP,love
Bastard,POP,fear
30 Years,POP,love
30 Years,POP,joy
30 Years,POP,anger
30 Years,POP,fear
30 Years,POP,sadness
The lonely minstrl,POP,joy
The lonely minstrl,POP,sadness
The lonely minstrl,POP,anger
The lonely minstrl,POP,love
The lonely minstrl,POP,fear
Frontliner Blues,POP,joy
Frontliner Blues,POP,anger
Frontliner Blues,POP,love
Frontliner Blues,POP,fear
Frontliner Blues,POP,sadness
Modern Anguish,POP,joy
Modern Anguish,POP,love
Modern Anguish,POP,anger
Modern Anguish,POP,fear
Modern Anguish,POP,sadness
jade,POP,love
jade,POP,joy
jade,POP,anger
jade,POP,fear
jade,POP,sadness
The River,POP,love
The River,POP,joy
The River,POP,sadness
Laying Down Lounge,POP,anger
Laying Down Lounge,POP,love
Laying Down Lounge,POP,joy
Excerpt From Alice,POP,joy
Give me a perfect world,POP,sadness
Give me a perfect world,POP,joy
Give me a perfect world,POP,anger
Into Heaven,POP,love
Into Heaven,POP,joy
Into Heaven,POP,anger
IMpressions,POP,joy
IMpressions,POP,love
IMpressions,POP,anger
IMpressions,POP,fear
IMpressions,POP,sadness
Calling,POP,anger
Calling,POP,love
Calling,POP,joy
Calling,POP,fear
Calling,POP,sadness
Nocturne,POP,anger
Nocturne,POP,fear
Nocturne,POP,joy
Nocturne,POP,love
Nocturne,POP,sadness
Enertia,POP,love
Enertia,POP,joy
Enertia,POP,anger
Enertia,POP,fear
2 percent er,POP,fear
2 percent er,POP,sadness
2 percent er,POP,joy
Moonrise,POP,sadness
Moonrise,POP,joy
Moonrise,POP,anger
Rise,POP,anger
Rise,POP,joy
Rise,POP,love
River of light,POP,sadness
River of light,POP,love
River of light,POP,joy
Between The lies,POP,anger
Between The lies,POP,sadness
Between The lies,POP,joy
Slipping into Violet,POP,love
Slipping into Violet,POP,joy
Wounded Little Bird,POP,joy
Rubber,POP,anger
Rubber,POP,joy
Rubber,POP,fear
There once was a time,POP,love
There once was a time,POP,joy
There once was a time,POP,anger
There once was a time,POP,sadness
The collider,POP,joy
The collider,POP,fear
The collider,POP,love
The collider,POP,sadness
ROund and round,POP,anger
ROund and round,POP,joy
ROund and round,POP,sadness
ROund and round,POP,fear
ROund and round,POP,love
Unemotional,POP,anger
Unemotional,POP,fear
Unemotional,POP,joy
Unemotional,POP,sadness
Unemotional,POP,love
Give me love,POP,sadness
Give me love,POP,joy
Give me love,POP,love
Give me love,POP,anger
Charming Gun,POP,joy
Charming Gun,POP,anger
Charming Gun,POP,love
changing SKy,POP,fear
changing SKy,POP,love
changing SKy,POP,joy
Parallels,POP,anger
Parallels,POP,joy
Parallels,POP,love
Parallels,POP,sadness
Parallels,POP,fear
Up a hill,POP,joy
Just my luck,POP,sadness
Just my luck,POP,love
Just my luck,POP,joy
Now and zen,POP,joy
My joan of Arc,POP,love
My joan of Arc,POP,anger
My joan of Arc,POP,joy
Night FLight over water,POP,joy
Brilliant Daze,POP,anger
Brilliant Daze,POP,fear
Brilliant Daze,POP,joy
Below,POP,sadness
Below,POP,anger
Below,POP,joy
What planet are we on,POP,fear
What planet are we on,POP,joy
What planet are we on,POP,sadness
What planet are we on,POP,anger
Planet you,POP,joy
Wounded little Bird,POP,fear
Wounded little Bird,POP,sadness
Wounded little Bird,POP,love
Wounded little Bird,POP,joy
In the middle,POP,joy
Clean for free,POP,love
Clean for free,POP,joy
Home to you,POP,joy
Home to you,POP,love
Fill me up,POP,fear
Fill me up,POP,sadness
Fill me up,POP,joy
Handshake Smiles,POP,fear
Handshake Smiles,POP,joy
no more,POP,joy
Better days,POP,fear
Better days,POP,anger
Better days,POP,joy
JImmy s Rig,POP,love
JImmy s Rig,POP,sadness
JImmy s Rig,POP,joy
Donot DO me no harm,POP,fear
Donot DO me no harm,POP,sadness
Donot DO me no harm,POP,joy
Say you will,POP,love
Say you will,POP,joy
Say you will,POP,anger
Fools,POP,joy
Fools,POP,love
Love song in G,POP,fear
Love song in G,POP,anger
Love song in G,POP,love
Love song in G,POP,joy
Love song in G,POP,sadness
Ovelha Negra,POP,love
Ovelha Negra,POP,anger
Ovelha Negra,POP,joy
Get what you want?,POP,joy
Get what you want?,POP,anger
O pobre,POP,joy
O pobre,POP,anger
O pobre,POP,love
One breath,POP,fear
One breath,POP,love
One breath,POP,joy
One breath,POP,anger
Superhero SOng,POP,anger
Superhero SOng,POP,joy
cuttin a rug,POP,anger
cuttin a rug,POP,sadness
cuttin a rug,POP,joy
Lilas,POP,love
Lilas,POP,anger
Lilas,POP,joy
Lilas,POP,sadness
Lilas,POP,fear
Without warning,POP,love
Without warning,POP,sadness
Without warning,POP,joy
Cruel Streak,POP,joy
sandy,POP,joy
sandy,POP,fear
sandy,POP,love
sandy,POP,sadness
sandy,POP,anger
Another reason,POP,love
Another reason,POP,joy
Devil s Daughter,POP,anger
Devil s Daughter,POP,love
Devil s Daughter,POP,joy
I told you not to write,POP,love
I told you not to write,POP,anger
I told you not to write,POP,joy
Junior High Smiles,POP,joy
Junior High Smiles,POP,love
Junior High Smiles,POP,anger
Junior High Smiles,POP,sadness
Junior High Smiles,POP,fear
The one that got way,CLASSIC,joy
The one that got way,CLASSIC,love
The one that got way,CLASSIC,sadness
The one that got way,CLASSIC,anger
The one that got way,CLASSIC,fear
Trio sonata in c major,CLASSIC,anger
Trio sonata in c major,CLASSIC,joy
Trio sonata in c major,CLASSIC,love
Trio sonata in c major,CLASSIC,fear
Trio sonata in c major,CLASSIC,sadness
21- sonata no. 2 in G,CLASSIC,sadness
21- sonata no. 2 in G,CLASSIC,fear
21- sonata no. 2 in G,CLASSIC,love
21- sonata no. 2 in G,CLASSIC,joy
Donata for violoncello,CLASSIC,anger
Donata for violoncello,CLASSIC,joy
Donata for violoncello,CLASSIC,fear
Donata for violoncello,CLASSIC,love
Donata for violoncello,CLASSIC,sadness
Handel-suite in Fa,CLASSIC,joy
Handel-suite in Fa,CLASSIC,love
Handel-suite in Fa,CLASSIC,anger
Intermezzo in B flat,CLASSIC,joy
Intermezzo in B flat,CLASSIC,anger
Intermezzo in B flat,CLASSIC,love
Intermezzo in B flat,CLASSIC,sadness
Prelude and fugue,CLASSIC,love
Prelude and fugue,CLASSIC,joy
Prelude and fugue,CLASSIC,sadness
Prelude and fugue,CLASSIC,fear
Prelude and fugue,CLASSIC,anger
Trio sonata in D minor,CLASSIC,fear
Trio sonata in D minor,CLASSIC,joy
Trio sonata in D minor,CLASSIC,love
Trio sonata in D minor,CLASSIC,sadness
Trio sonata in D minor,CLASSIC,anger
Suite in C major,CLASSIC,joy
Suite in C major,CLASSIC,love
Suite in C major,CLASSIC,sadness
Suite in C major,CLASSIC,anger
Suite in C major,CLASSIC,fear
Sonnerie -from handel,CLASSIC,anger
Sonnerie -from handel,CLASSIC,love
Sonnerie -from handel,CLASSIC,joy
Sonnerie -from handel,CLASSIC,sadness
Sonnerie -from handel,CLASSIC,fear
Carnaval Opus 9,CLASSIC,anger
Carnaval Opus 9,CLASSIC,joy
Carnaval Opus 9,CLASSIC,love
Carnaval Opus 9,CLASSIC,fear
Carnaval Opus 9,CLASSIC,sadness
Biber:sonata 6 in c,CLASSIC,love
Biber:sonata 6 in c,CLASSIC,sadness
Biber:sonata 6 in c,CLASSIC,joy
Biber:sonata 6 in c,CLASSIC,anger
Biber:sonata 6 in c,CLASSIC,fear
CHopin prelude in G,CLASSIC,joy
Sonata no 2 BMV,CLASSIC,sadness
Sonata no 2 BMV,CLASSIC,love
sonata No.4 BWV,CLASSIC,sadness
sonata No.4 BWV,CLASSIC,love
sonata No.4 BWV,CLASSIC,joy
Chopin Prelude in G,CLASSIC,fear
Chopin Prelude in G,CLASSIC,love
Chopin Prelude in G,CLASSIC,anger
Chopin Prelude in G,CLASSIC,joy
Chopin Prelude in G,CLASSIC,sadness
Intermezzo in E major,CLASSIC,fear
Intermezzo in E major,CLASSIC,joy
Intermezzo in E major,CLASSIC,anger
Intermezzo in E major,CLASSIC,sadness
22-sonata no.2,CLASSIC,joy
SOnata Bwv 1027,CLASSIC,joy
SOnata Bwv 1027,CLASSIC,love
SOnata Bwv 1027,CLASSIC,fear
SOnata Bwv 1027,CLASSIC,anger
SOnata Bwv 1027,CLASSIC,sadness
Set a 5 in c minor,CLASSIC,love
Set a 5 in c minor,CLASSIC,joy
SOnata for oboe,CLASSIC,joy
Confitebor,CLASSIC,joy
Wachet auf ruft uns die,CLASSIC,anger
Wachet auf ruft uns die,CLASSIC,joy
Wachet auf ruft uns die,CLASSIC,sadness
Wachet auf ruft uns die,CLASSIC,love
Wachet auf ruft uns die,CLASSIC,fear
Fandango,CLASSIC,joy
Fandango,CLASSIC,anger
Fandango,CLASSIC,fear
Fandango,CLASSIC,love
Fandango,CLASSIC,sadness
Froberger:Tocata lll in c,CLASSIC,joy
concerto in A minor,CLASSIC,love
concerto in A minor,CLASSIC,joy
Kyrie- Allergo moderato,CLASSIC,fear
Kyrie- Allergo moderato,CLASSIC,joy
Oboe Quartet in F,CLASSIC,joy
La savorgnana,CLASSIC,anger
La savorgnana,CLASSIC,joy
Gloria,CLASSIC,joy
Lenten is come,CLASSIC,sadness
Lenten is come,CLASSIC,joy
SOnata prima Detta,CLASSIC,joy
SOnata prima Detta,CLASSIC,love
Js  Bac:Partita in C,CLASSIC,joy
Sonata|Sostenuto,CLASSIC,joy
ANdreas Christi Sancte,CLASSIC,joy
Sonata in c major,CLASSIC,fear
Come again,CLASSIC,anger
Prelude,CLASSIC,sadness
Sinfonia in La maggiore,CLASSIC,love
Sinfonia in La maggiore,CLASSIC,joy
Sinfonia in La maggiore,CLASSIC,anger
Sinfonia in La maggiore,CLASSIC,fear
Sinfonia in La maggiore,CLASSIC,sadness
If i were wind I would,CLASSIC,joy
If i were wind I would,CLASSIC,anger
If i were wind I would,CLASSIC,fear
Sonata lll in d minor,CLASSIC,joy
Sonata 1,CLASSIC,sadness
Sonata 1,CLASSIC,anger
Rosenmuller Sonata,CLASSIC,love
Ballo Del Gran Ducca,CLASSIC,joy
Chansons sans paroles,CLASSIC,love
Chansons sans paroles,CLASSIC,sadness
sonata in c amjor for obo,CLASSIC,love
sonata in c amjor for obo,CLASSIC,anger
Drei Romanzen op.94,CLASSIC,love
Suite for D minor,CLASSIC,anger
Stabat mater,CLASSIC,love
If i were fire,CLASSIC,anger
If i were fire,CLASSIC,joy
If i were fire,CLASSIC,fear
Anon:Praeter return,CLASSIC,sadness
Anon:Praeter return,CLASSIC,love
Anon:Praeter return,CLASSIC,fear
Anon:Praeter return,CLASSIC,joy
La Ritirata DI madrid,CLASSIC,joy
La Ritirata DI madrid,CLASSIC,sadness
I i were pope,CLASSIC,anger
I i were pope,CLASSIC,joy
Phenix - Allegro,CLASSIC,joy
Phenix - Allegro,CLASSIC,anger
Avanti ll Quarto Brando,CLASSIC,love
Avanti ll Quarto Brando,CLASSIC,joy
Les Deloces de la Solitude,CLASSIC,love
Magnificant,CLASSIC,joy
Magnificant,CLASSIC,fear
If i were emperor,CLASSIC,anger
If i were emperor,CLASSIC,joy
If i were emperor,CLASSIC,love
Sinfonia in re minore,CLASSIC,anger
Sinfonia in re minore,CLASSIC,love
Chopin Prelude,CLASSIC,anger
Chopin Prelude,CLASSIC,joy
Sonata lll in c major,CLASSIC,joy
Sonata lll in c major,CLASSIC,anger
Waltz kk lva no.12 in E,CLASSIC,love
Waltz kk lva no.12 in E,CLASSIC,joy
Sonata 3 in c major,CLASSIC,joy
Sonata 3 in c major,CLASSIC,anger
Trouble fete,CLASSIC,anger
Trouble fete,CLASSIC,fear
Trouble fete,CLASSIC,love
Chopin prelude,CLASSIC,love
Chopin prelude,CLASSIC,anger
Gagliard Seconda,CLASSIC,joy
Alysoun,CLASSIC,love
Alysoun,CLASSIC,joy
Alysoun,CLASSIC,fear
More Palatino,CLASSIC,joy
More Palatino,CLASSIC,anger
Suite No 4 in E flat major,CLASSIC,love
Oxenford,CLASSIC,joy
BWV 104:l.Allegro,CLASSIC,anger
Chopin Prelude in c,CLASSIC,anger
BWV 1001/lv. presto,CLASSIC,fear
BWV 1001/lv. presto,CLASSIC,joy
BWV 1001/lv. presto,CLASSIC,love
Romance in B major,CLASSIC,joy
Romance in B major,CLASSIC,love
Romance in B major,CLASSIC,fear
Chopin Prelude in A Flat,CLASSIC,joy
Chopin Prelude in A Flat,CLASSIC,anger
Matteis:Ground after,CLASSIC,joy
Sonata no.1 in E minor,CLASSIC,joy
Phenix -Allegro,CLASSIC,joy
Sonata no. 1 in E minor,CLASSIC,love
Sonata no. 1 in E minor,CLASSIC,joy
Intermezzo in E flat major,CLASSIC,joy
Intermezzo in E flat major,CLASSIC,love
Intermezzo in E flat major,CLASSIC,sadness
Ma belle si ton ame,CLASSIC,anger
Ma belle si ton ame,CLASSIC,joy
Ma belle si ton ame,CLASSIC,love
Toccata XX,CLASSIC,love
Toccata XX,CLASSIC,joy
Aria Nona,CLASSIC,fear
Aria Nona,CLASSIC,joy
Aria Nona,CLASSIC,love
Capriccio in G minor,CLASSIC,sadness
Capriccio in G minor,CLASSIC,joy
Prelude,CLASSIC,joy
Prelude,CLASSIC,love
Romance in F sharp,CLASSIC,sadness
Romance in F sharp,CLASSIC,love
Romance in F sharp,CLASSIC,joy
WF Bach:Concerto in F Major,CLASSIC,anger
WF Bach:Concerto in F Major,CLASSIC,joy
Prelude:Suite in G Major,CLASSIC,anger
Prelude:Suite in G Major,CLASSIC,joy
Sonata Seconda A Tre,CLASSIC,joy
Sonata Seconda A Tre,CLASSIC,anger
To Malvina,CLASSIC,love
To Malvina,CLASSIC,joy
La Maltese,CLASSIC,love
La Maltese,CLASSIC,joy
La Maltese,CLASSIC,sadness
Concerto no.1 G major,CLASSIC,joy
Sonata in G major,CLASSIC,joy
Sonata in G major,CLASSIC,love
Liszt Variations on A,CLASSIC,joy
Liszt Variations on A,CLASSIC,love
La Moneverda,CLASSIC,anger
La Moneverda,CLASSIC,joy
La Moneverda,CLASSIC,love
Triosonate fur flute,CLASSIC,joy
Triosonate fur flute,CLASSIC,love
Partia No 5- Intrada(Biber),ROCK,love
Partia No 5- Intrada(Biber),ROCK,joy
Young again,ROCK,joy
Young again,ROCK,love
Young again,ROCK,fear
Young again,ROCK,anger
What i did on my summer vacation,ROCK,joy
What i did on my summer vacation,ROCK,love
Demons,ROCK,anger
Demons,ROCK,joy
When I cross the river,ROCK,anger
When I cross the river,ROCK,sadness
When I cross the river,ROCK,love
When I cross the river,ROCK,joy
Birds on a Rat race,ROCK,joy
Shattered,ROCK,love
Shattered,ROCK,sadness
Shattered,ROCK,joy
Texas Sky,ROCK,joy
Self possession,ROCK,fear
Self possession,ROCK,joy
Self possession,ROCK,anger
Dropping out of school,ROCK,fear
Dropping out of school,ROCK,anger
Dropping out of school,ROCK,joy
The soul,ROCK,fear
The soul,ROCK,anger
The soul,ROCK,joy
The soul,ROCK,love
The Spirit,ROCK,fear
The Spirit,ROCK,joy
The Spirit,ROCK,anger
DOPAMINE,ROCK,joy
DOPAMINE,ROCK,anger
Alone with nothing,ROCK,fear
Alone with nothing,ROCK,love
Alone with nothing,ROCK,sadness
Memories,ROCK,anger
Memories,ROCK,fear
Memories,ROCK,love
Talk,ROCK,fear
Talk,ROCK,joy
Sweet Melissa,ROCK,joy
Sweet Melissa,ROCK,love
Sweet Melissa,ROCK,sadness
Into the moon,ROCK,fear
Into the moon,ROCK,love
Into the moon,ROCK,anger
Moonsong,ROCK,love
Moonsong,ROCK,sadness
Moonsong,ROCK,anger
Of the lovely,ROCK,anger
Of the lovely,ROCK,joy
Suerte,ROCK,fear
Suerte,ROCK,sadness
Suerte,ROCK,anger
Suerte,ROCK,joy
Suerte,ROCK,love
Factory Head,ROCK,fear
Factory Head,ROCK,anger
Long time wondering,ROCK,love
Long time wondering,ROCK,sadness
Do not rain on my parade,ROCK,joy
Happy Blues,ROCK,love
Happy Blues,ROCK,joy
Happy Blues,ROCK,fear
Happy Blues,ROCK,anger
Bad Bad Luck,ROCK,anger
Can I be a star,ROCK,joy
Can I be a star,ROCK,love
Can I be a star,ROCK,fear
There  you were,ROCK,anger
There  you were,ROCK,love
Before you know it,ROCK,anger
Before you know it,ROCK,love
Santa rosa Shuffle,ROCK,joy
Timeagain,ROCK,fear
Squalid Rooms,ROCK,love
Squalid Rooms,ROCK,joy
Rock this Moon,ROCK,joy
Rock this Moon,ROCK,anger
You knew it well,ROCK,sadness
You knew it well,ROCK,joy
Me,ROCK,joy
Lunar Ecstasy,ROCK,joy
Look and Feel Years Younger,ROCK,joy
Rocket city Riot Down with her,ROCK,joy
FLuid-Headphones,ROCK,love
FLuid-Headphones,ROCK,joy
Kings of the Desert,ROCK,anger
Encima de Ti,ROCK,sadness
Encima de Ti,ROCK,joy
A short Burst of clasrity,ROCK,anger
A short Burst of clasrity,ROCK,joy
A short Burst of clasrity,ROCK,sadness
A short Burst of clasrity,ROCK,love
A short Burst of clasrity,ROCK,fear
Stay Evil,ROCK,joy
Lust,ROCK,fear
Lust,ROCK,love
Lust,ROCK,joy
Lust,ROCK,sadness
Lust,ROCK,anger
Juego,ROCK,joy
Juego,ROCK,anger
Juego,ROCK,sadness
Juego,ROCK,love
Juego,ROCK,fear
GOld and ROse,ROCK,joy
GOld and ROse,ROCK,sadness
GOld and ROse,ROCK,love
GOld and ROse,ROCK,fear
GOld and ROse,ROCK,anger
Just Like You,ROCK,joy
Just Like You,ROCK,sadness
Just Like You,ROCK,fear
Just Like You,ROCK,anger
Just Like You,ROCK,love
Certain Death,ROCK,anger
Certain Death,ROCK,fear
Certain Death,ROCK,joy
Certain Death,ROCK,sadness
Certain Death,ROCK,love
Try it like this,ROCK,joy
Try it like this,ROCK,fear
Try it like this,ROCK,sadness
Try it like this,ROCK,anger
Try it like this,ROCK,love
Caroline to Maine,ROCK,joy
Caroline to Maine,ROCK,love
Caroline to Maine,ROCK,anger
Caroline to Maine,ROCK,fear
Caroline to Maine,ROCK,sadness
New Orleans,ROCK,anger
New Orleans,ROCK,joy
Permanent,ROCK,anger
Permanent,ROCK,love
Permanent,ROCK,joy
Permanent,ROCK,sadness
Permanent,ROCK,fear
Fateful Kind of rage,ROCK,joy
Fateful Kind of rage,ROCK,sadness
Fateful Kind of rage,ROCK,anger
Fateful Kind of rage,ROCK,fear
Fateful Kind of rage,ROCK,love
Ole Soledad,ROCK,sadness
Ole Soledad,ROCK,anger
Ole Soledad,ROCK,love
Ole Soledad,ROCK,joy
Ole Soledad,ROCK,fear
Between there and here,ROCK,anger
Between there and here,ROCK,love
Between there and here,ROCK,joy
Between there and here,ROCK,fear
Between there and here,ROCK,sadness
Crown The thrones,ROCK,anger
Crown The thrones,ROCK,joy
Crown The thrones,ROCK,love
Crown The thrones,ROCK,fear
Crown The thrones,ROCK,sadness
Come out baby,ROCK,joy
Come out baby,ROCK,love
Come out baby,ROCK,sadness
Come out baby,ROCK,fear
Come out baby,ROCK,anger
Making circles,ROCK,love
Making circles,ROCK,anger
Making circles,ROCK,joy
Making circles,ROCK,fear
Making circles,ROCK,sadness
A Rhyming Dictionary,ROCK,love
A Rhyming Dictionary,ROCK,anger
A Rhyming Dictionary,ROCK,joy
A Rhyming Dictionary,ROCK,fear
A Rhyming Dictionary,ROCK,sadness
Essential of a smile,ROCK,joy
Essential of a smile,ROCK,anger
Essential of a smile,ROCK,love
Essential of a smile,ROCK,fear
Essential of a smile,ROCK,sadness
Jazz House,ROCK,fear
Jazz House,ROCK,joy
Jazz House,ROCK,anger
Jazz House,ROCK,love
Jazz House,ROCK,sadness
Pressure,ROCK,fear
Pressure,ROCK,anger
Pressure,ROCK,joy
Pressure,ROCK,love
Pressure,ROCK,sadness
The gift,ROCK,joy
The gift,ROCK,love
The gift,ROCK,anger
The gift,ROCK,sadness
The gift,ROCK,fear
Karma Dogs,ROCK,joy
Karma Dogs,ROCK,fear
Karma Dogs,ROCK,anger
Karma Dogs,ROCK,love
Karma Dogs,ROCK,sadness
Grace,ROCK,love
Grace,ROCK,anger
Grace,ROCK,joy
Grace,ROCK,fear
Grace,ROCK,sadness
Do you think he knows,ROCK,love
Do you think he knows,ROCK,joy
Do you think he knows,ROCK,anger
Do you think he knows,ROCK,fear
Do you think he knows,ROCK,sadness
Karma DOgs,ROCK,joy
Karma DOgs,ROCK,love
Karma DOgs,ROCK,anger
Karma DOgs,ROCK,fear
Karma DOgs,ROCK,sadness
Silent wings,ROCK,joy
Silent wings,ROCK,anger
Silent wings,ROCK,love
Silent wings,ROCK,fear
Silent wings,ROCK,sadness
Brad Sucks- I think i started,ROCK,sadness
Brad Sucks- I think i started,ROCK,anger
Brad Sucks- I think i started,ROCK,fear
Brad Sucks- I think i started,ROCK,joy
Brad Sucks- I think i started,ROCK,love
Rocket city Riot:Hypodermic,ROCK,anger
Rocket city Riot:Hypodermic,ROCK,joy
Rocket city Riot:Hypodermic,ROCK,love
Rocket city Riot:Hypodermic,ROCK,fear
Rocket city Riot:Hypodermic,ROCK,sadness
Hideaway,ROCK,joy
Hideaway,ROCK,anger
Hideaway,ROCK,love
Hideaway,ROCK,fear
Hideaway,ROCK,sadness
Underside,ROCK,fear
Underside,ROCK,love
Underside,ROCK,joy
Underside,ROCK,anger
Underside,ROCK,sadness
Long way down,ROCK,joy
Long way down,ROCK,sadness
Long way down,ROCK,anger
Long way down,ROCK,love
Long way down,ROCK,fear
World,ROCK,joy
World,ROCK,fear
World,ROCK,anger
World,ROCK,sadness
World,ROCK,love
In your place,ROCK,anger
In your place,ROCK,joy
In your place,ROCK,love
Another time,ROCK,love
Another time,ROCK,joy
Another time,ROCK,fear
Another time,ROCK,anger
Another time,ROCK,sadness
Uncommon eloquence,ROCK,love
Uncommon eloquence,ROCK,joy
Land of Lincoin,ROCK,joy
Land of Lincoin,ROCK,love
Land of Lincoin,ROCK,anger
You Bow Down,ROCK,joy
You Bow Down,ROCK,love
You Bow Down,ROCK,anger
You Bow Down,ROCK,fear
You Bow Down,ROCK,sadness
Waterfall,ROCK,joy
Waterfall,ROCK,love
Waterfall,ROCK,anger
Waterfall,ROCK,fear
Waterfall,ROCK,sadness
The angel of repose,ROCK,sadness
The angel of repose,ROCK,love
The angel of repose,ROCK,joy
The angel of repose,ROCK,anger
The angel of repose,ROCK,fear
set fire to the city,ROCK,joy
set fire to the city,ROCK,fear
I have a mind,ROCK,love
I have a mind,ROCK,anger
I have a mind,ROCK,joy
In the movies,ROCK,joy
In the movies,ROCK,anger
In the movies,ROCK,love
Human needs,ROCK,joy
Human needs,ROCK,anger
Walk among the bones,ROCK,joy
Walk among the bones,ROCK,fear
You barely see me,ROCK,sadness
You barely see me,ROCK,anger
You barely see me,ROCK,joy
You barely see me,ROCK,love
You barely see me,ROCK,fear
Haunted,ROCK,fear
Haunted,ROCK,love
Haunted,ROCK,joy
Haunted,ROCK,anger
Haunted,ROCK,sadness
Did not you know?,ROCK,love
Did not you know?,ROCK,joy
Did not you know?,ROCK,anger
Did not you know?,ROCK,fear
Did not you know?,ROCK,sadness
Did not I,ROCK,joy
Did not I,ROCK,love
Did not I,ROCK,anger
Did not I,ROCK,fear
Did not I,ROCK,sadness
Driftwood fire,ROCK,love
Driftwood fire,ROCK,sadness
Driftwood fire,ROCK,joy
Driftwood fire,ROCK,fear
Driftwood fire,ROCK,anger
My heart still beats,ROCK,sadness
My heart still beats,ROCK,love
My heart still beats,ROCK,joy
My heart still beats,ROCK,anger
My heart still beats,ROCK,fear
Sunday again,ROCK,love
Sunday again,ROCK,fear
Sunday again,ROCK,anger
Sunday again,ROCK,joy
Sunday again,ROCK,sadness
Cornflasks for supper,ROCK,love
Cornflasks for supper,ROCK,sadness
Cornflasks for supper,ROCK,fear
Cornflasks for supper,ROCK,joy
Cornflasks for supper,ROCK,anger
Maybe Meagan,ROCK,joy
Maybe Meagan,ROCK,love
Ring around the rosey,ROCK,joy
He should Love her,ROCK,joy
He should Love her,ROCK,anger
Justified,ROCK,anger
Justified,ROCK,fear
Justified,ROCK,love
Justified,ROCK,joy
Mr.Myers,ELECTRIC,love
Mr.Myers,ELECTRIC,joy
ABstract Power Remix,ELECTRIC,anger
ABstract Power Remix,ELECTRIC,fear
ABstract Power Remix,ELECTRIC,joy
ABstract Power Remix,ELECTRIC,love
ABstract Power Remix,ELECTRIC,sadness
Sproing-A-Dub,ELECTRIC,anger
Sproing-A-Dub,ELECTRIC,joy
Sproing-A-Dub,ELECTRIC,fear
Sproing-A-Dub,ELECTRIC,love
Sproing-A-Dub,ELECTRIC,sadness
Dominus lluminato Mea,ELECTRIC,joy
Dominus lluminato Mea,ELECTRIC,fear
Dominus lluminato Mea,ELECTRIC,anger
Dominus lluminato Mea,ELECTRIC,love
Dominus lluminato Mea,ELECTRIC,sadness
Beneath the skin,ELECTRIC,anger
Beneath the skin,ELECTRIC,love
Beneath the skin,ELECTRIC,joy
Beneath the skin,ELECTRIC,fear
Beneath the skin,ELECTRIC,sadness
Eye Heart Knot,ELECTRIC,fear
Eye Heart Knot,ELECTRIC,anger
Eye Heart Knot,ELECTRIC,love
Eye Heart Knot,ELECTRIC,joy
Eye Heart Knot,ELECTRIC,sadness
Blue tinted sunglasses,ELECTRIC,fear
Blue tinted sunglasses,ELECTRIC,anger
Blue tinted sunglasses,ELECTRIC,joy
Blue tinted sunglasses,ELECTRIC,love
Blue tinted sunglasses,ELECTRIC,sadness
Electro Jive,ELECTRIC,anger
Electro Jive,ELECTRIC,joy
House of tomorrow,ELECTRIC,joy
House of tomorrow,ELECTRIC,love
Known Bugs,ELECTRIC,joy
Known Bugs,ELECTRIC,love
Known Bugs,ELECTRIC,anger
Known Bugs,ELECTRIC,sadness
Known Bugs,ELECTRIC,fear
Murder Machine,ELECTRIC,joy
Murder Machine,ELECTRIC,love
Murder Machine,ELECTRIC,anger
Murder Machine,ELECTRIC,sadness
Murder Machine,ELECTRIC,fear
Skunk Werks,ELECTRIC,love
Skunk Werks,ELECTRIC,anger
Skunk Werks,ELECTRIC,joy
Moments of clarity,ELECTRIC,anger
Moments of clarity,ELECTRIC,joy
7 nine skank,ELECTRIC,love
7 nine skank,ELECTRIC,joy
Spear Burn,ELECTRIC,love
Spear Burn,ELECTRIC,joy
Roots fi cool,ELECTRIC,love
Roots fi cool,ELECTRIC,joy
Starbase Lounge Music,ELECTRIC,fear
Starbase Lounge Music,ELECTRIC,anger
Starbase Lounge Music,ELECTRIC,joy
Introduction,ELECTRIC,anger
Introduction,ELECTRIC,love
Introduction,ELECTRIC,joy
Distant Activity,ELECTRIC,love
Distant Activity,ELECTRIC,joy
Grey mirrors part 1,ELECTRIC,joy
Revolver,ELECTRIC,joy
Viva La Revolucion,ELECTRIC,joy
Electro Kinetic,ELECTRIC,sadness
Electro Kinetic,ELECTRIC,joy
Talk Box,ELECTRIC,anger
Talk Box,ELECTRIC,joy
Blue Line,ELECTRIC,fear
Blue Line,ELECTRIC,joy
Trioxidation,ELECTRIC,anger
Trioxidation,ELECTRIC,fear
Trioxidation,ELECTRIC,joy
Hans Christan:Desperado,ELECTRIC,love
Hans Christan:Desperado,ELECTRIC,joy
Ruff and Tumble,ELECTRIC,anger
Ruff and Tumble,ELECTRIC,joy
Sunset,ELECTRIC,fear
Sunset,ELECTRIC,joy
Interplanetary,ELECTRIC,love
Interplanetary,ELECTRIC,fear
Interplanetary,ELECTRIC,joy
Interplanetary,ELECTRIC,anger
Interplanetary,ELECTRIC,sadness
Sunset(138 BPM Remix),ELECTRIC,joy
Sunset(138 BPM Remix),ELECTRIC,anger
Sunset(138 BPM Remix),ELECTRIC,love
Sunset(138 BPM Remix),ELECTRIC,fear
Sunset(138 BPM Remix),ELECTRIC,sadness
Manteia,ELECTRIC,joy
Summer night heaven,ELECTRIC,fear
Summer night heaven,ELECTRIC,anger
Summer night heaven,ELECTRIC,sadness
Bad Dreams,ELECTRIC,love
Bad Dreams,ELECTRIC,joy
He is leaving us,ELECTRIC,fear
He is leaving us,ELECTRIC,anger
He is leaving us,ELECTRIC,joy
He is leaving us,ELECTRIC,love
He is leaving us,ELECTRIC,sadness
Meditation,ELECTRIC,joy
Meditation,ELECTRIC,love
Meditation,ELECTRIC,anger
Meditation,ELECTRIC,fear
Meditation,ELECTRIC,sadness
Terminus,ELECTRIC,anger
Terminus,ELECTRIC,joy
Opening yet closing,ELECTRIC,love
Opening yet closing,ELECTRIC,joy
Lost,ELECTRIC,fear
Lost,ELECTRIC,joy
Beatknick,ELECTRIC,love
Beatknick,ELECTRIC,joy
Vernal Equinox,ELECTRIC,fear
Vernal Equinox,ELECTRIC,joy
Delirious,ELECTRIC,fear
Delirious,ELECTRIC,anger
Delirious,ELECTRIC,sadness
Delirious,ELECTRIC,joy
Survival,ELECTRIC,love
Survival,ELECTRIC,joy
Survival,ELECTRIC,fear
Survival,ELECTRIC,sadness
Survival,ELECTRIC,anger
Knucklehead,ELECTRIC,joy
Knucklehead,ELECTRIC,anger
Knucklehead,ELECTRIC,love
Knucklehead,ELECTRIC,fear
Knucklehead,ELECTRIC,sadness
Sartinal l,ELECTRIC,fear
Sartinal l,ELECTRIC,joy
Sartinal l,ELECTRIC,love
Ferrilotyr,ELECTRIC,joy
Deep House,ELECTRIC,joy
Deep House,ELECTRIC,anger
Spirit Walker,ELECTRIC,joy
Spirit Walker,ELECTRIC,love
Mr Gelatine,ELECTRIC,joy
Mr Gelatine,ELECTRIC,anger
Where the earth is,ELECTRIC,joy
Where the earth is,ELECTRIC,sadness
Memories of Tomorrow,ELECTRIC,anger
Memories of Tomorrow,ELECTRIC,fear
Memories of Tomorrow,ELECTRIC,love
Memories of Tomorrow,ELECTRIC,joy
Click Here,ELECTRIC,joy
Click Here,ELECTRIC,anger
Down Low,ELECTRIC,joy
Down Low,ELECTRIC,anger
Down Low,ELECTRIC,love
Ting,ELECTRIC,joy
Ting,ELECTRIC,anger
Plethora,ELECTRIC,anger
Plethora,ELECTRIC,love
Plethora,ELECTRIC,joy
Plethora,ELECTRIC,fear
Mad Bull,ELECTRIC,joy
Mad Bull,ELECTRIC,anger
Isomnia,ELECTRIC,anger
Isomnia,ELECTRIC,fear
Isomnia,ELECTRIC,joy
A signal from mars,ELECTRIC,fear
A signal from mars,ELECTRIC,joy
A signal from mars,ELECTRIC,anger
A signal from mars,ELECTRIC,love
Futurengine,ELECTRIC,love
Futurengine,ELECTRIC,fear
Futurengine,ELECTRIC,anger
Futurengine,ELECTRIC,joy
Eventide,ELECTRIC,joy
Eventide,ELECTRIC,love
Eventide,ELECTRIC,sadness
Eventide,ELECTRIC,anger
Eventide,ELECTRIC,fear
Odysseia,ELECTRIC,fear
Odysseia,ELECTRIC,joy
Odysseia,ELECTRIC,anger
Odysseia,ELECTRIC,love
Odysseia,ELECTRIC,sadness
Solitude,ELECTRIC,anger
Solitude,ELECTRIC,love
Solitude,ELECTRIC,joy
Ping Heng,ELECTRIC,joy
Ping Heng,ELECTRIC,anger
Ping Heng,ELECTRIC,love
Saalik,ELECTRIC,fear
Saalik,ELECTRIC,love
Saalik,ELECTRIC,joy
Beledi 4:4,ELECTRIC,love
Beledi 4:4,ELECTRIC,anger
Beledi 4:4,ELECTRIC,joy
Darban jooth Na boley,ELECTRIC,fear
Darban jooth Na boley,ELECTRIC,joy
Rebirth,ELECTRIC,sadness
Rebirth,ELECTRIC,love
Rebirth,ELECTRIC,joy
Paradise lost,ELECTRIC,anger
Paradise lost,ELECTRIC,love
Paradise lost,ELECTRIC,joy
Kushee Maanao-Aural Mix,ELECTRIC,love
Kushee Maanao-Aural Mix,ELECTRIC,joy
Sunlight,ELECTRIC,love
Sunlight,ELECTRIC,joy
From Here to there,ELECTRIC,fear
From Here to there,ELECTRIC,joy
Dezert,ELECTRIC,joy
Dezert,ELECTRIC,fear
Dezert,ELECTRIC,love
Dezert,ELECTRIC,sadness
Dezert,ELECTRIC,anger
Zabudni na to,ELECTRIC,joy
Zabudni na to,ELECTRIC,anger
Zabudni na to,ELECTRIC,fear
Lighting fly,ELECTRIC,fear
Lighting fly,ELECTRIC,joy
Ambi crack,ELECTRIC,love
Ambi crack,ELECTRIC,joy
Untitled,ELECTRIC,anger
Untitled,ELECTRIC,love
Untitled,ELECTRIC,joy
Untitled,ELECTRIC,fear
push,ELECTRIC,anger
push,ELECTRIC,joy
push,ELECTRIC,love
push,ELECTRIC,fear
push,ELECTRIC,sadness
African Dance,ELECTRIC,anger
African Dance,ELECTRIC,joy
African Dance,ELECTRIC,fear
African Dance,ELECTRIC,sadness
Monkey Party,ELECTRIC,anger
Monkey Party,ELECTRIC,love
Monkey Party,ELECTRIC,joy
Monkey Party,ELECTRIC,sadness
Monkey Party,ELECTRIC,fear
Double Trust,ELECTRIC,love
Double Trust,ELECTRIC,joy
Buy my Pullovers,ELECTRIC,anger
Buy my Pullovers,ELECTRIC,sadness
Buy my Pullovers,ELECTRIC,joy
Wind Barber,ELECTRIC,joy
Other self,ELECTRIC,joy
Other self,ELECTRIC,anger
Illusion(Bedrock mix),ELECTRIC,love
Illusion(Bedrock mix),ELECTRIC,fear
Illusion(Bedrock mix),ELECTRIC,joy
Never look away,ELECTRIC,joy
Never look away,ELECTRIC,anger
Never look away,ELECTRIC,love
Death and rain,ELECTRIC,love
Death and rain,ELECTRIC,sadness
Death and rain,ELECTRIC,anger
2k1,ELECTRIC,fear
2k1,ELECTRIC,love
2k1,ELECTRIC,joy
2k1,ELECTRIC,anger
Tokyo Story,ELECTRIC,joy
Tokyo Story,ELECTRIC,fear
Free energy,ELECTRIC,sadness
Free energy,ELECTRIC,joy
Soul captain,ELECTRIC,love
Soul captain,ELECTRIC,anger
Soul captain,ELECTRIC,joy
Soul captain,ELECTRIC,sadness
Soul captain,ELECTRIC,fear
Flare,ELECTRIC,love
Flare,ELECTRIC,anger
Flare,ELECTRIC,joy
Cafe del soul,ELECTRIC,love
Cafe del soul,ELECTRIC,sadness
Cafe del soul,ELECTRIC,anger
Cafe del soul,ELECTRIC,joy
Vibes of comfort,ELECTRIC,love
Vibes of comfort,ELECTRIC,joy
Vibes of comfort,ELECTRIC,anger
Vibes of comfort,ELECTRIC,fear
Devils in love,ELECTRIC,joy
Devils in love,ELECTRIC,love
Devils in love,ELECTRIC,anger
Flying,ELECTRIC,joy
Flying,ELECTRIC,love
Flying,ELECTRIC,fear
Flying,ELECTRIC,anger
Easter,ELECTRIC,love
Easter,ELECTRIC,joy
Easter,ELECTRIC,anger
Easter,ELECTRIC,fear
Frequencies,ELECTRIC,joy
NIght to remember,ELECTRIC,fear
NIght to remember,ELECTRIC,anger
NIght to remember,ELECTRIC,joy
Smooth guitar,ELECTRIC,joy
Smooth guitar,ELECTRIC,anger
Viento,ELECTRIC,anger
Viento,ELECTRIC,fear
Viento,ELECTRIC,joy
Viento,ELECTRIC,sadness
Viento,ELECTRIC,love
Shura Remix,ELECTRIC,joy
